{"cameraMode":{"drawMode":0,"name":"Shaded","section":"Shading Mode"},"sceneLighting":true,"audioPlay":false,"sceneViewState":{"m_AlwaysRefresh":false,"showFog":true,"showSkybox":true,"showFlares":true,"showImageEffects":true,"showParticleSystems":true,"showVisualEffectGraphs":true,"m_FxEnabled":true},"in2DMode":false,"pivot":{"x":7.165506362915039,"y":6.7350873947143559,"z":-10.907508850097657},"rotation":{"x":0.33217108249664309,"y":0.22825515270233155,"z":-0.08319348096847534,"w":0.911404013633728},"size":6.394515514373779,"orthographic":true}