{"cameraMode":{"drawMode":0,"name":"Shaded","section":"Shading Mode"},"sceneLighting":true,"audioPlay":false,"sceneViewState":{"m_AlwaysRefresh":false,"showFog":true,"showSkybox":true,"showFlares":true,"showImageEffects":true,"showParticleSystems":true,"showVisualEffectGraphs":true,"m_FxEnabled":true},"in2DMode":false,"pivot":{"x":2.546372890472412,"y":-3.8724899291992189,"z":-2.439992904663086},"rotation":{"x":-0.4386976361274719,"y":0.07800406217575073,"z":-0.038258396089076999,"w":-0.8944303393363953},"size":11.006741523742676,"orthographic":false}