{"cameraMode":{"drawMode":0,"name":"Shaded","section":"Shading Mode"},"sceneLighting":true,"audioPlay":false,"sceneViewState":{"m_AlwaysRefresh":false,"showFog":true,"showSkybox":true,"showFlares":true,"showImageEffects":true,"showParticleSystems":true,"showVisualEffectGraphs":true,"m_FxEnabled":true},"in2DMode":false,"pivot":{"x":11.10319709777832,"y":-9.304637908935547,"z":2.1394691467285158},"rotation":{"x":0.39388221502304079,"y":0.16405609250068665,"z":-0.07167579978704453,"w":0.9015608429908752},"size":16.182199478149415,"orthographic":false}