{"cameraMode":{"drawMode":0,"name":"Shaded","section":"Shading Mode"},"sceneLighting":true,"audioPlay":false,"sceneViewState":{"m_AlwaysRefresh":false,"showFog":true,"showSkybox":true,"showFlares":true,"showImageEffects":true,"showParticleSystems":true,"showVisualEffectGraphs":true,"m_FxEnabled":true},"in2DMode":false,"pivot":{"x":11.09721565246582,"y":-50.889915466308597,"z":36.72964859008789},"rotation":{"x":0.47263652086257937,"y":0.04227013140916824,"z":-0.02270401641726494,"w":0.8799515962600708},"size":42.85459518432617,"orthographic":false}