{"cameraMode":{"drawMode":0,"name":"Shaded","section":"Shading Mode"},"sceneLighting":true,"audioPlay":false,"sceneViewState":{"m_AlwaysRefresh":false,"showFog":true,"showSkybox":true,"showFlares":true,"showImageEffects":true,"showParticleSystems":true,"showVisualEffectGraphs":true,"m_FxEnabled":true},"in2DMode":false,"pivot":{"x":3.7868993282318117,"y":-11.886238098144532,"z":-2.3591108322143556},"rotation":{"x":0.5788232684135437,"y":0.014675567857921124,"z":-0.010420868173241616,"w":0.8152573108673096},"size":16.68178939819336,"orthographic":false}