{"cameraMode":{"drawMode":0,"name":"Shaded","section":"Shading Mode"},"sceneLighting":true,"audioPlay":false,"sceneViewState":{"m_AlwaysRefresh":false,"showFog":true,"showSkybox":true,"showFlares":true,"showImageEffects":true,"showParticleSystems":true,"showVisualEffectGraphs":true,"m_FxEnabled":true},"in2DMode":false,"pivot":{"x":5.048711776733398,"y":3.1922731399536135,"z":7.105240821838379},"rotation":{"x":0.3975982069969177,"y":-0.0027534079272300007,"z":0.0011918225791305304,"w":0.9175576567649841},"size":5.902289390563965,"orthographic":false}